-- phpMyAdmin SQL Dump
-- version 5.1.0
-- https://www.phpmyadmin.net/
--
-- Host: 127.0.0.1
-- Generation Time: Jun 02, 2021 at 02:29 PM
-- Server version: 10.4.19-MariaDB
-- PHP Version: 7.4.19

SET SQL_MODE = "NO_AUTO_VALUE_ON_ZERO";
START TRANSACTION;
SET time_zone = "+00:00";


/*!40101 SET @OLD_CHARACTER_SET_CLIENT=@@CHARACTER_SET_CLIENT */;
/*!40101 SET @OLD_CHARACTER_SET_RESULTS=@@CHARACTER_SET_RESULTS */;
/*!40101 SET @OLD_COLLATION_CONNECTION=@@COLLATION_CONNECTION */;
/*!40101 SET NAMES utf8mb4 */;

--
-- Database: `fyp`
--

-- --------------------------------------------------------

--
-- Table structure for table `about_us`
--

CREATE TABLE `about_us` (
  `about_id` int(10) NOT NULL,
  `about_heading` text NOT NULL,
  `about_short_desc` text NOT NULL,
  `about_desc` text NOT NULL
) ENGINE=InnoDB DEFAULT CHARSET=latin1;

--
-- Dumping data for table `about_us`
--

INSERT INTO `about_us` (`about_id`, `about_heading`, `about_short_desc`, `about_desc`) VALUES
(1, 'About Us and Our Story', 'A young Team\r\n', '\r\nWe Are A Team Of Young and Energetic People That Work Day And Night to Provide You Quality Service At Your Door Step. Storeal.pk Online Engage Jauharabad and District Khushab\r\n');

-- --------------------------------------------------------

--
-- Table structure for table `admins`
--

CREATE TABLE `admins` (
  `admin_id` int(10) NOT NULL,
  `admin_name` varchar(255) NOT NULL,
  `admin_email` varchar(255) NOT NULL,
  `admin_pass` varchar(255) NOT NULL,
  `admin_image` text NOT NULL,
  `admin_contact` varchar(255) NOT NULL,
  `admin_country` text NOT NULL,
  `admin_job` varchar(255) NOT NULL,
  `admin_about` text NOT NULL
) ENGINE=InnoDB DEFAULT CHARSET=latin1;

--
-- Dumping data for table `admins`
--

INSERT INTO `admins` (`admin_id`, `admin_name`, `admin_email`, `admin_pass`, `admin_image`, `admin_contact`, `admin_country`, `admin_job`, `admin_about`) VALUES
(1, 'Talha', 'talhafraz78665@gmail.com', '1234', 'tf.png', '03037939568', 'Pakistan', 'Full stack developer', 'Learn or Win');

-- --------------------------------------------------------

--
-- Table structure for table `bundle_product_relation`
--

CREATE TABLE `bundle_product_relation` (
  `rel_id` int(10) NOT NULL,
  `rel_title` varchar(255) NOT NULL,
  `product_id` int(10) NOT NULL,
  `bundle_id` int(10) NOT NULL
) ENGINE=InnoDB DEFAULT CHARSET=latin1;

-- --------------------------------------------------------

--
-- Table structure for table `cart`
--

CREATE TABLE `cart` (
  `p_id` int(10) NOT NULL,
  `ip_add` varchar(255) NOT NULL,
  `qty` int(10) NOT NULL,
  `p_price` varchar(255) NOT NULL,
  `size` text NOT NULL
) ENGINE=InnoDB DEFAULT CHARSET=latin1;

-- --------------------------------------------------------

--
-- Table structure for table `categories`
--

CREATE TABLE `categories` (
  `cat_id` int(10) NOT NULL,
  `cat_title` text NOT NULL,
  `cat_top` text NOT NULL,
  `cat_image` text NOT NULL
) ENGINE=InnoDB DEFAULT CHARSET=latin1;

--
-- Dumping data for table `categories`
--

INSERT INTO `categories` (`cat_id`, `cat_title`, `cat_top`, `cat_image`) VALUES
(6, 'Men', 'yes', 'men.jpg'),
(7, 'Women', 'no', 'women.jpg');

-- --------------------------------------------------------

--
-- Table structure for table `contact_us`
--

CREATE TABLE `contact_us` (
  `contact_id` int(10) NOT NULL,
  `contact_email` text NOT NULL,
  `contact_heading` text NOT NULL,
  `contact_desc` text NOT NULL
) ENGINE=InnoDB DEFAULT CHARSET=latin1;

--
-- Dumping data for table `contact_us`
--

INSERT INTO `contact_us` (`contact_id`, `contact_email`, `contact_heading`, `contact_desc`) VALUES
(1, 'talhafraz78665@gmail.com', 'Contact Us', 'If you have any questions, please feel free to contact us, our customer service center is working for you 24/7.');

-- --------------------------------------------------------

--
-- Table structure for table `coupons`
--

CREATE TABLE `coupons` (
  `coupon_id` int(10) NOT NULL,
  `product_id` int(10) NOT NULL,
  `coupon_title` varchar(255) NOT NULL,
  `coupon_price` varchar(255) NOT NULL,
  `coupon_code` varchar(255) NOT NULL,
  `coupon_limit` int(100) NOT NULL,
  `coupon_used` int(100) NOT NULL
) ENGINE=InnoDB DEFAULT CHARSET=latin1;

-- --------------------------------------------------------

--
-- Table structure for table `customers`
--

CREATE TABLE `customers` (
  `customer_id` int(10) NOT NULL,
  `customer_name` varchar(255) NOT NULL,
  `customer_email` varchar(255) NOT NULL,
  `customer_pass` varchar(255) NOT NULL,
  `customer_country` text NOT NULL,
  `customer_city` text NOT NULL,
  `customer_contact` varchar(255) NOT NULL,
  `customer_address` text NOT NULL,
  `customer_image` text NOT NULL,
  `customer_confirm_code` text NOT NULL
) ENGINE=InnoDB DEFAULT CHARSET=latin1;

--
-- Dumping data for table `customers`
--

INSERT INTO `customers` (`customer_id`, `customer_name`, `customer_email`, `customer_pass`, `customer_country`, `customer_city`, `customer_contact`, `customer_address`, `customer_image`, `customer_confirm_code`) VALUES
(3, 'Talha', 'talhafraz78665@gmail.com', 'fscebb16151tf', 'Pakistan', 'Qaidabad', '03037939568', 'House No.143 ,Block A,Qaidabad,Tehsil Qaidabad,District Khushab', 'tf.png', '');

-- --------------------------------------------------------

--
-- Table structure for table `customer_orders`
--

CREATE TABLE `customer_orders` (
  `order_id` int(10) NOT NULL,
  `customer_id` int(10) NOT NULL,
  `due_amount` int(100) NOT NULL,
  `invoice_no` int(100) NOT NULL,
  `qty` int(10) NOT NULL,
  `size` text NOT NULL,
  `order_date` timestamp NOT NULL DEFAULT current_timestamp() ON UPDATE current_timestamp(),
  `order_status` text NOT NULL
) ENGINE=InnoDB DEFAULT CHARSET=latin1;

--
-- Dumping data for table `customer_orders`
--

INSERT INTO `customer_orders` (`order_id`, `customer_id`, `due_amount`, `invoice_no`, `qty`, `size`, `order_date`, `order_status`) VALUES
(22, 3, 0, 983505866, 0, 'Select a Size', '2021-06-02 08:30:38', 'pending'),
(23, 3, 0, 831317090, 0, 'Select a Size', '2021-06-02 11:00:20', 'pending');

-- --------------------------------------------------------

--
-- Table structure for table `enquiry_types`
--

CREATE TABLE `enquiry_types` (
  `enquiry_id` int(10) NOT NULL,
  `enquiry_title` varchar(255) NOT NULL
) ENGINE=InnoDB DEFAULT CHARSET=latin1;

--
-- Dumping data for table `enquiry_types`
--

INSERT INTO `enquiry_types` (`enquiry_id`, `enquiry_title`) VALUES
(4, 'Order and Delivery Support');

-- --------------------------------------------------------

--
-- Table structure for table `manufacturers`
--

CREATE TABLE `manufacturers` (
  `manufacturer_id` int(10) NOT NULL,
  `manufacturer_title` text NOT NULL,
  `manufacturer_top` text NOT NULL,
  `manufacturer_image` text NOT NULL
) ENGINE=InnoDB DEFAULT CHARSET=latin1;

--
-- Dumping data for table `manufacturers`
--

INSERT INTO `manufacturers` (`manufacturer_id`, `manufacturer_title`, `manufacturer_top`, `manufacturer_image`) VALUES
(7, 'Outfitters', 'yes', 'outfitter.jpg'),
(8, 'Gucci', 'no', 'gucci.png'),
(9, 'Lacoste', 'no', 'lacoste.jpg');

-- --------------------------------------------------------

--
-- Table structure for table `payments`
--

CREATE TABLE `payments` (
  `payment_id` int(10) NOT NULL,
  `invoice_no` int(10) NOT NULL,
  `amount` int(10) NOT NULL,
  `payment_mode` text NOT NULL,
  `ref_no` int(10) NOT NULL,
  `code` int(10) NOT NULL,
  `payment_date` text NOT NULL
) ENGINE=InnoDB DEFAULT CHARSET=latin1;

-- --------------------------------------------------------

--
-- Table structure for table `pending_orders`
--

CREATE TABLE `pending_orders` (
  `order_id` int(10) NOT NULL,
  `customer_id` int(10) NOT NULL,
  `invoice_no` int(10) NOT NULL,
  `product_id` text NOT NULL,
  `qty` int(10) NOT NULL,
  `size` text NOT NULL,
  `order_status` text NOT NULL
) ENGINE=InnoDB DEFAULT CHARSET=latin1;

--
-- Dumping data for table `pending_orders`
--

INSERT INTO `pending_orders` (`order_id`, `customer_id`, `invoice_no`, `product_id`, `qty`, `size`, `order_status`) VALUES
(22, 3, 983505866, '19', 0, 'Select a Size', 'pending'),
(23, 3, 831317090, '19', 0, 'Select a Size', 'pending');

-- --------------------------------------------------------

--
-- Table structure for table `products`
--

CREATE TABLE `products` (
  `product_id` int(10) NOT NULL,
  `p_cat_id` int(10) NOT NULL,
  `cat_id` int(10) NOT NULL,
  `manufacturer_id` int(10) NOT NULL,
  `date` timestamp NOT NULL DEFAULT current_timestamp() ON UPDATE current_timestamp(),
  `product_title` text NOT NULL,
  `product_url` text NOT NULL,
  `product_img1` text NOT NULL,
  `product_img2` text NOT NULL,
  `product_img3` text NOT NULL,
  `product_price` int(10) NOT NULL,
  `product_psp_price` int(100) NOT NULL,
  `product_desc` text NOT NULL,
  `product_features` text NOT NULL,
  `product_video` text NOT NULL,
  `product_keywords` text NOT NULL,
  `product_label` text NOT NULL,
  `status` varchar(255) NOT NULL
) ENGINE=InnoDB DEFAULT CHARSET=latin1;

--
-- Dumping data for table `products`
--

INSERT INTO `products` (`product_id`, `p_cat_id`, `cat_id`, `manufacturer_id`, `date`, `product_title`, `product_url`, `product_img1`, `product_img2`, `product_img3`, `product_price`, `product_psp_price`, `product_desc`, `product_features`, `product_video`, `product_keywords`, `product_label`, `status`) VALUES
(13, 8, 6, 7, '2021-06-01 17:55:16', 'New Summer Tshirt', 'summer-t-shirt', 'p11.jpg', 'p12 (1).jpg', 'p13.jpg', 500, 450, '\r\n\r\n', '\r\n\r\n', '\r\n\r\n', 'tshirt', 'new', 'product'),
(14, 8, 6, 8, '2021-06-01 17:56:13', 'New Summer Tshirt', 'summer-t-shirt', 'p21.jpg', 'p21.jpg', 'p23.jpg', 600, 500, '\r\n\r\n', '\r\n\r\n', '\r\n\r\n', 'tshirt', 'New', 'product'),
(15, 8, 6, 9, '2021-06-01 17:57:03', 'T-Shirt for Boys', 't-shirt-for-boys', 'p31.jpg', 'p32 (2).jpg', 'p33 (1).jpg', 500, 450, '\r\n\r\n', '\r\n\r\n', '\r\n\r\n', 'TShirt', 'New', 'product'),
(16, 9, 6, 7, '2021-06-01 17:58:30', 'New Sweater', 'new-sweater', 'p41 (1).jpg', 'p42 (1).jpg', 'p41 (1).jpg', 1000, 1000, '\r\n\r\n', '\r\n\r\n', '\r\n\r\n', 'sweater', 'New', 'product'),
(17, 9, 6, 8, '2021-06-01 17:59:08', 'New Sweater', 'new-sweater', 'p51 (1).jpg', 'p52 (1).jpg', 'p53 (1).jpg', 1000, 1000, '\r\n\r\n', '\r\n\r\n', '\r\n\r\n', 'sweater', 'New', 'product'),
(18, 9, 6, 9, '2021-06-01 17:59:51', 'Sweater for Men', 'sweater-for-men', 'p61 (1).jpg', 'p62 (1).jpg', 'p63 (1).jpg', 1000, 500, '\r\n\r\n', '\r\n\r\n', '\r\n\r\n', 'sweater', 'New', 'product'),
(19, 10, 6, 8, '2021-06-01 18:00:46', 'New Jacket', 'new-jacket', 'p71 (1).jpg', 'p73 (1).jpg', 'p71 (1).jpg', 1000, 900, '\r\n\r\n', '\r\n\r\n', '\r\n\r\n', 'Jackets', 'New', 'product'),
(20, 10, 6, 7, '2021-06-01 18:01:52', 'Jacket for men', 'jacket-for-men', 'p81 (1).jpg', 'p82 (1).jpg', 'p83 (1).jpg', 1200, 1000, '\r\n\r\n', '\r\n\r\n', '\r\n\r\n', 'Jackets', 'New', 'product');

-- --------------------------------------------------------

--
-- Table structure for table `product_categories`
--

CREATE TABLE `product_categories` (
  `p_cat_id` int(10) NOT NULL,
  `p_cat_title` text NOT NULL,
  `p_cat_top` text NOT NULL,
  `p_cat_image` text NOT NULL
) ENGINE=InnoDB DEFAULT CHARSET=latin1;

--
-- Dumping data for table `product_categories`
--

INSERT INTO `product_categories` (`p_cat_id`, `p_cat_title`, `p_cat_top`, `p_cat_image`) VALUES
(8, 'T-Shirts', 'yes', 'tshirt.jpg'),
(9, 'Sweaters', 'no', 'sweater.jpg'),
(10, 'Jackets', 'no', 'jacket.jpg');

-- --------------------------------------------------------

--
-- Table structure for table `store`
--

CREATE TABLE `store` (
  `store_id` int(10) NOT NULL,
  `store_title` varchar(255) NOT NULL,
  `store_image` varchar(255) NOT NULL,
  `store_desc` text NOT NULL,
  `store_button` varchar(255) NOT NULL,
  `store_url` varchar(255) NOT NULL
) ENGINE=InnoDB DEFAULT CHARSET=latin1;

--
-- Dumping data for table `store`
--

INSERT INTO `store` (`store_id`, `store_title`, `store_image`, `store_desc`, `store_button`, `store_url`) VALUES
(7, 'Storeal.pk', 'unnamed.jpg', 'We Are A Team Of Young and Energetic People That Work Day And Night to Provide You Quality Service At Your Door Step. Storeal.pk Online Engage Jauharabad and District Khushab\r\n\r\n', 'View Map', 'https://www.storeal.pk/');

-- --------------------------------------------------------

--
-- Table structure for table `terms`
--

CREATE TABLE `terms` (
  `term_id` int(10) NOT NULL,
  `term_title` varchar(100) NOT NULL,
  `term_link` varchar(100) NOT NULL,
  `term_desc` text NOT NULL
) ENGINE=InnoDB DEFAULT CHARSET=latin1;

-- --------------------------------------------------------

--
-- Table structure for table `wishlist`
--

CREATE TABLE `wishlist` (
  `wishlist_id` int(10) NOT NULL,
  `customer_id` int(10) NOT NULL,
  `product_id` int(10) NOT NULL
) ENGINE=InnoDB DEFAULT CHARSET=latin1;

--
-- Indexes for dumped tables
--

--
-- Indexes for table `about_us`
--
ALTER TABLE `about_us`
  ADD PRIMARY KEY (`about_id`);

--
-- Indexes for table `admins`
--
ALTER TABLE `admins`
  ADD PRIMARY KEY (`admin_id`);

--
-- Indexes for table `bundle_product_relation`
--
ALTER TABLE `bundle_product_relation`
  ADD PRIMARY KEY (`rel_id`);

--
-- Indexes for table `cart`
--
ALTER TABLE `cart`
  ADD PRIMARY KEY (`p_id`);

--
-- Indexes for table `categories`
--
ALTER TABLE `categories`
  ADD PRIMARY KEY (`cat_id`);

--
-- Indexes for table `contact_us`
--
ALTER TABLE `contact_us`
  ADD PRIMARY KEY (`contact_id`);

--
-- Indexes for table `coupons`
--
ALTER TABLE `coupons`
  ADD PRIMARY KEY (`coupon_id`);

--
-- Indexes for table `customers`
--
ALTER TABLE `customers`
  ADD PRIMARY KEY (`customer_id`);

--
-- Indexes for table `customer_orders`
--
ALTER TABLE `customer_orders`
  ADD PRIMARY KEY (`order_id`);

--
-- Indexes for table `enquiry_types`
--
ALTER TABLE `enquiry_types`
  ADD PRIMARY KEY (`enquiry_id`);

--
-- Indexes for table `manufacturers`
--
ALTER TABLE `manufacturers`
  ADD PRIMARY KEY (`manufacturer_id`);

--
-- Indexes for table `payments`
--
ALTER TABLE `payments`
  ADD PRIMARY KEY (`payment_id`);

--
-- Indexes for table `pending_orders`
--
ALTER TABLE `pending_orders`
  ADD PRIMARY KEY (`order_id`);

--
-- Indexes for table `products`
--
ALTER TABLE `products`
  ADD PRIMARY KEY (`product_id`);

--
-- Indexes for table `product_categories`
--
ALTER TABLE `product_categories`
  ADD PRIMARY KEY (`p_cat_id`);

--
-- Indexes for table `store`
--
ALTER TABLE `store`
  ADD PRIMARY KEY (`store_id`);

--
-- Indexes for table `terms`
--
ALTER TABLE `terms`
  ADD PRIMARY KEY (`term_id`);

--
-- Indexes for table `wishlist`
--
ALTER TABLE `wishlist`
  ADD PRIMARY KEY (`wishlist_id`);

--
-- AUTO_INCREMENT for dumped tables
--

--
-- AUTO_INCREMENT for table `about_us`
--
ALTER TABLE `about_us`
  MODIFY `about_id` int(10) NOT NULL AUTO_INCREMENT, AUTO_INCREMENT=2;

--
-- AUTO_INCREMENT for table `admins`
--
ALTER TABLE `admins`
  MODIFY `admin_id` int(10) NOT NULL AUTO_INCREMENT, AUTO_INCREMENT=3;

--
-- AUTO_INCREMENT for table `bundle_product_relation`
--
ALTER TABLE `bundle_product_relation`
  MODIFY `rel_id` int(10) NOT NULL AUTO_INCREMENT, AUTO_INCREMENT=11;

--
-- AUTO_INCREMENT for table `categories`
--
ALTER TABLE `categories`
  MODIFY `cat_id` int(10) NOT NULL AUTO_INCREMENT, AUTO_INCREMENT=8;

--
-- AUTO_INCREMENT for table `contact_us`
--
ALTER TABLE `contact_us`
  MODIFY `contact_id` int(10) NOT NULL AUTO_INCREMENT, AUTO_INCREMENT=2;

--
-- AUTO_INCREMENT for table `coupons`
--
ALTER TABLE `coupons`
  MODIFY `coupon_id` int(10) NOT NULL AUTO_INCREMENT, AUTO_INCREMENT=4;

--
-- AUTO_INCREMENT for table `customers`
--
ALTER TABLE `customers`
  MODIFY `customer_id` int(10) NOT NULL AUTO_INCREMENT, AUTO_INCREMENT=4;

--
-- AUTO_INCREMENT for table `customer_orders`
--
ALTER TABLE `customer_orders`
  MODIFY `order_id` int(10) NOT NULL AUTO_INCREMENT, AUTO_INCREMENT=24;

--
-- AUTO_INCREMENT for table `enquiry_types`
--
ALTER TABLE `enquiry_types`
  MODIFY `enquiry_id` int(10) NOT NULL AUTO_INCREMENT, AUTO_INCREMENT=5;

--
-- AUTO_INCREMENT for table `manufacturers`
--
ALTER TABLE `manufacturers`
  MODIFY `manufacturer_id` int(10) NOT NULL AUTO_INCREMENT, AUTO_INCREMENT=10;

--
-- AUTO_INCREMENT for table `payments`
--
ALTER TABLE `payments`
  MODIFY `payment_id` int(10) NOT NULL AUTO_INCREMENT, AUTO_INCREMENT=4;

--
-- AUTO_INCREMENT for table `pending_orders`
--
ALTER TABLE `pending_orders`
  MODIFY `order_id` int(10) NOT NULL AUTO_INCREMENT, AUTO_INCREMENT=24;

--
-- AUTO_INCREMENT for table `products`
--
ALTER TABLE `products`
  MODIFY `product_id` int(10) NOT NULL AUTO_INCREMENT, AUTO_INCREMENT=21;

--
-- AUTO_INCREMENT for table `product_categories`
--
ALTER TABLE `product_categories`
  MODIFY `p_cat_id` int(10) NOT NULL AUTO_INCREMENT, AUTO_INCREMENT=11;

--
-- AUTO_INCREMENT for table `store`
--
ALTER TABLE `store`
  MODIFY `store_id` int(10) NOT NULL AUTO_INCREMENT, AUTO_INCREMENT=8;

--
-- AUTO_INCREMENT for table `terms`
--
ALTER TABLE `terms`
  MODIFY `term_id` int(10) NOT NULL AUTO_INCREMENT, AUTO_INCREMENT=4;

--
-- AUTO_INCREMENT for table `wishlist`
--
ALTER TABLE `wishlist`
  MODIFY `wishlist_id` int(10) NOT NULL AUTO_INCREMENT, AUTO_INCREMENT=3;
COMMIT;

/*!40101 SET CHARACTER_SET_CLIENT=@OLD_CHARACTER_SET_CLIENT */;
/*!40101 SET CHARACTER_SET_RESULTS=@OLD_CHARACTER_SET_RESULTS */;
/*!40101 SET COLLATION_CONNECTION=@OLD_COLLATION_CONNECTION */;
